case_name,median_time,min_time,max_time,peak_memory,relative_memory
ac14ac57,0.4211658,0.3847772,0.463011,25.03125,1.0
ac57ac118,1.223309,1.2040431,1.2737542,126.06640625,5.0363607990012484
ac9ac14,0.1478369,0.1332338,0.228301,2.28125,0.09113607990012484
