case_name,median_time,min_time,max_time,peak_memory,relative_memory
ac14ac57,298.0905933,282.5810916,1251.8005432,421.453824,1
ac57ac118,1796.294397,1587.8078514,3173.1808341,20.054016,0.0475829494431163
ac9ac14,45.0848061,39.9942137,160.7868828,4.29670400000032,0.010194957917858
