case_name,median_time,min_time,max_time,peak_memory,relative_memory
ac14ac57,2.081477165222168,2.035571336746216,2.095923662185669,5.875,1.0
ac57ac118,72.00039172172546,71.84939002990723,72.08715653419495,121.453125,20.67287234042553
ac9ac14,0.40630078315734863,0.35437679290771484,0.4534153938293457,0.26171875,0.04454787234042553
